Date,Open,High,Low,Close,Volume,Market Cap
11-05-2021,2.371e-05,2.412e-05,1.561e-05,1.669e-05,34.58,4656.78
10-05-2021,2.357e-05,2.518e-05,2.211e-05,2.372e-05,0,6619.02
09-05-2021,2.342e-05,2.389e-05,2.246e-05,2.359e-05,62.73,6582.74
08-05-2021,2.091e-05,2.37e-05,2.072e-05,2.342e-05,0,6533.75
07-05-2021,2.095e-05,2.284e-05,2.022e-05,2.091e-05,0,5834.62
06-05-2021,2.114e-05,2.159e-05,2.032e-05,2.092e-05,0,5835.65
05-05-2021,1.952e-05,2.125e-05,1.928e-05,2.115e-05,0,5900.22
04-05-2021,2.059e-05,2.114e-05,1.908e-05,1.944e-05,0,5424.06
03-05-2021,1.771e-05,2.07e-05,1.771e-05,2.052e-05,0,5724.36
02-05-2021,1.178e-05,1.791e-05,1.144e-05,1.772e-05,13.34,4942.62
01-05-2021,1.109e-05,1.181e-05,1.102e-05,1.179e-05,0,3288.68
30-04-2021,1.103e-05,1.118e-05,1.091e-05,1.109e-05,26.58,3094.98
29-04-2021,1.099e-05,1.119e-05,1.069e-05,1.103e-05,50.2,3077.45
28-04-2021,1.065e-05,1.103e-05,1.026e-05,1.098e-05,0,3063.92
27-04-2021,1.014e-05,1.071e-05,9.94e-06,1.064e-05,0,2969.26
26-04-2021,9.26e-06,1.015e-05,9.23e-06,1.015e-05,0,2830.54
25-04-2021,8.85e-06,9.42e-06,8.69e-06,9.25e-06,0,2581.38
24-04-2021,1.655e-05,1.657e-05,8.71e-06,8.86e-06,53.12,2471.18
23-04-2021,1.682e-05,1.708e-05,1.482e-05,1.656e-05,0,4621.1
22-04-2021,1.655e-05,1.849e-05,1.621e-05,1.685e-05,42.72,4700.45
21-04-2021,1.165e-05,1.727e-05,1.142e-05,1.654e-05,26.51,4614.89
20-04-2021,1.083e-05,1.173e-05,1.03e-05,1.164e-05,0.35,3246.87
19-04-2021,1.119e-05,1.138e-05,1.043e-05,1.083e-05,32.34,3022.47
18-04-2021,1.876e-05,1.892e-05,1.062e-05,1.118e-05,0.17,3118.44
17-04-2021,1.946e-05,1.998e-05,1.867e-05,1.878e-05,75.12,5239.07
16-04-2021,2.015e-05,2.038e-05,1.855e-05,1.948e-05,0,5434.45
15-04-2021,1.948e-05,2.035e-05,1.928e-05,2.014e-05,0,5619.07
14-04-2021,1.38e-05,1.96e-05,1.371e-05,1.947e-05,381.07,5432.22
13-04-2021,1.284e-05,1.391e-05,1.283e-05,1.383e-05,0,3857.59
12-04-2021,1.726e-05,1.76e-05,1.273e-05,1.285e-05,46.67,3584.53
11-04-2021,1.282e-05,1.732e-05,1.272e-05,1.726e-05,16.4,4815.65
10-04-2021,1.658e-05,1.961e-05,1.253e-05,1.281e-05,116.59,3575.06
09-04-2021,1.671e-05,1.682e-05,1.644e-05,1.657e-05,87.54,4623.92
08-04-2021,1.774e-05,1.846e-05,1.638e-05,1.671e-05,245.9,4661.3
07-04-2021,1.907e-05,1.92e-05,1.751e-05,1.778e-05,92.45,4959.8
06-04-2021,1.897e-05,1.936e-05,1.852e-05,1.907e-05,0,5321.43
05-04-2021,1.884e-05,1.927e-05,1.829e-05,1.895e-05,10.32,5286.1
04-04-2021,1.826e-05,1.899e-05,1.806e-05,1.884e-05,0,5255.37
03-04-2021,1.929e-05,1.93e-05,1.826e-05,1.826e-05,0,5093.88
02-04-2021,1.78e-05,1.937e-05,1.765e-05,1.929e-05,0,5381.41
01-04-2021,1.727e-05,1.79e-05,1.721e-05,1.78e-05,0,4965.12
31-03-2021,1.846e-05,1.864e-05,1.663e-05,1.727e-05,172.79,4817.16
30-03-2021,1.82e-05,1.861e-05,1.794e-05,1.846e-05,169.87,5151.17
29-03-2021,1.691e-05,1.837e-05,1.684e-05,1.82e-05,24.66,5077.1
28-03-2021,1.716e-05,1.729e-05,1.673e-05,1.692e-05,56.14,4719.64
27-03-2021,1.703e-05,1.733e-05,1.674e-05,1.717e-05,17.18,4791.06
26-03-2021,1.595e-05,1.703e-05,1.595e-05,1.703e-05,0,4751.13
25-03-2021,1.593e-05,1.626e-05,1.56e-05,1.596e-05,0,4452.23
24-03-2021,1.679e-05,1.74e-05,1.571e-05,1.594e-05,143.46,4447.23
23-03-2021,1.691e-05,1.725e-05,1.663e-05,1.68e-05,0,4686.36
22-03-2021,1.788e-05,1.812e-05,1.674e-05,1.691e-05,0,4719.04
21-03-2021,1.813e-05,1.823e-05,1.764e-05,1.788e-05,0,4989.14
20-03-2021,1.818e-05,1.875e-05,1.812e-05,1.814e-05,0,5060.07
19-03-2021,1.783e-05,1.841e-05,1.746e-05,1.818e-05,0,5070.99
18-03-2021,1.823e-05,1.849e-05,1.706e-05,1.783e-05,0,4974.77
17-03-2021,1.807e-05,1.84e-05,1.749e-05,1.822e-05,0,5084.47
16-03-2021,1.792e-05,1.817e-05,1.72e-05,1.807e-05,0,5042.35
15-03-2021,1.855e-05,1.889e-05,1.75e-05,1.792e-05,0,4998.99
14-03-2021,1.925e-05,1.931e-05,1.845e-05,1.855e-05,0,5176.8
13-03-2021,1.772e-05,1.937e-05,1.734e-05,1.925e-05,0,5370.51
12-03-2021,1.826e-05,1.839e-05,1.729e-05,1.773e-05,0,4947.58
11-03-2021,1.799e-05,1.844e-05,1.735e-05,1.826e-05,0,5094.32
10-03-2021,1.868e-05,1.874e-05,1.766e-05,1.799e-05,0,5018.73
09-03-2021,1.835e-05,1.868e-05,1.804e-05,1.866e-05,0,5206.68
08-03-2021,1.723e-05,1.835e-05,1.671e-05,1.835e-05,0,5119.99
07-03-2021,1.655e-05,1.731e-05,1.637e-05,1.723e-05,0.23,4807.05
06-03-2021,1.533e-05,1.669e-05,1.519e-05,1.657e-05,0,4621.96
05-03-2021,1.542e-05,1.548e-05,1.451e-05,1.533e-05,55.86,4277.59
04-03-2021,1.576e-05,1.623e-05,1.511e-05,1.542e-05,0,4301.7
03-03-2021,1.493e-05,1.65e-05,1.482e-05,1.576e-05,0,4397.53
02-03-2021,1.565e-05,1.598e-05,1.461e-05,1.492e-05,0.75,4162.37
01-03-2021,1.416e-05,1.568e-05,1.416e-05,1.565e-05,93.88,4366.24
28-02-2021,1.46e-05,1.468e-05,1.3e-05,1.414e-05,0,3946.12
27-02-2021,1.446e-05,1.525e-05,1.434e-05,1.464e-05,0,4084.57
26-02-2021,1.477e-05,1.559e-05,1.408e-05,1.443e-05,0,4025.9
25-02-2021,1.627e-05,1.67e-05,1.465e-05,1.483e-05,0,4137.33
24-02-2021,1.57e-05,1.711e-05,1.511e-05,1.626e-05,0,4536.02
23-02-2021,1.782e-05,1.782e-05,1.379e-05,1.569e-05,0,4377.83
22-02-2021,1.936e-05,1.936e-05,1.581e-05,1.782e-05,19.84,4972.44
21-02-2021,1.92e-05,1.974e-05,1.89e-05,1.936e-05,0,5400.31
20-02-2021,1.96e-05,2.036e-05,1.831e-05,1.919e-05,0,5354.97
19-02-2021,1.937e-05,1.97e-05,1.898e-05,1.96e-05,0,5468.84
18-02-2021,1.848e-05,1.95e-05,1.848e-05,1.938e-05,0,5407.31
17-02-2021,1.781e-05,1.854e-05,1.737e-05,1.844e-05,0.09,5145.62
16-02-2021,1.78e-05,1.825e-05,1.73e-05,1.782e-05,0,4972.84
15-02-2021,1.805e-05,1.834e-05,1.684e-05,1.779e-05,0,4964.51
14-02-2021,1.814e-05,1.848e-05,1.79e-05,1.806e-05,56.02,5039.09
13-02-2021,1.844e-05,1.872e-05,1.771e-05,1.814e-05,0,5062.16
12-02-2021,1.783e-05,1.861e-05,1.744e-05,1.844e-05,0,5145.37
11-02-2021,1.744e-05,1.807e-05,1.709e-05,1.781e-05,0,4968.82
10-02-2021,1.768e-05,1.827e-05,1.687e-05,1.743e-05,0,4861.98
09-02-2021,1.747e-05,1.816e-05,1.712e-05,1.767e-05,0,4931.14
08-02-2021,1.614e-05,1.771e-05,1.572e-05,1.747e-05,0,4874.42
07-02-2021,1.678e-05,1.69e-05,1.502e-05,1.614e-05,0,4503.09
06-02-2021,1.719e-05,1.738e-05,1.649e-05,1.678e-05,0,4681.72
05-02-2021,1.595e-05,1.756e-05,1.595e-05,1.718e-05,0,4792.32
04-02-2021,1.661e-05,1.689e-05,1.562e-05,1.595e-05,0,4449.61
03-02-2021,1.515e-05,1.661e-05,1.51e-05,1.661e-05,0,4633.19
02-02-2021,1.369e-05,1.543e-05,1.363e-05,1.516e-05,0,4229.81
01-02-2021,1.315e-05,1.374e-05,1.274e-05,1.368e-05,0,3817.34
31-01-2021,1.376e-05,1.379e-05,1.289e-05,1.316e-05,0,3671.64
30-01-2021,1.383e-05,1.402e-05,1.329e-05,1.378e-05,0,3844.52
29-01-2021,1.333e-05,1.429e-05,1.292e-05,1.384e-05,0.1,3861.35
28-01-2021,1.253e-05,1.356e-05,1.226e-05,1.331e-05,0,3713.84
27-01-2021,1.354e-05,1.368e-05,1.215e-05,1.253e-05,0,3496.58617936
26-01-2021,1.324e-05,1.376e-05,1.253e-05,1.355e-05,0,3780.66599357
25-01-2021,1.392e-05,1.468e-05,1.305e-05,1.325e-05,0,3695.33609605
24-01-2021,1.231e-05,1.395e-05,1.225e-05,1.392e-05,0,3883.75510509
23-01-2021,1.236e-05,1.272e-05,1.201e-05,1.23e-05,0,3431.8529901
22-01-2021,1.122e-05,1.272e-05,1.047e-05,1.236e-05,0,3448.07833805
21-01-2021,1.382e-05,1.383e-05,1.098e-05,1.121e-05,0,3128.4630909
20-01-2021,1.377e-05,1.406e-05,1.243e-05,1.383e-05,105.83562813,3859.56482256
19-01-2021,1.257e-05,1.432e-05,1.255e-05,1.377e-05,0,3842.4502315
18-01-2021,1.23e-05,1.259e-05,1.187e-05,1.257e-05,0,3508.13943186
17-01-2021,1.234e-05,1.266e-05,1.174e-05,1.23e-05,0,3430.43371706
16-01-2021,1.172e-05,1.29e-05,1.158e-05,1.235e-05,177.4041386,3445.05269007
15-01-2021,1.218e-05,1.251e-05,1.091e-05,1.172e-05,0.10516221,3269.65805844
14-01-2021,1.131e-05,1.244e-05,1.093e-05,1.218e-05,0,3398.93376947
13-01-2021,1.043e-05,1.134e-05,9.95e-06,1.13e-05,0,3153.70541488
12-01-2021,1.09e-05,1.149e-05,1.013e-05,1.042e-05,0,2907.3279553
11-01-2021,1.262e-05,1.262e-05,9.25e-06,1.088e-05,0,3035.90957978
10-01-2021,1.281e-05,1.348e-05,1.195e-05,1.263e-05,0.25270597,3523.13137268
09-01-2021,1.224e-05,1.304e-05,1.182e-05,1.281e-05,0,3574.88715392
08-01-2021,1.226e-05,1.274e-05,1.076e-05,1.225e-05,0,3417.64667799
07-01-2021,1.207e-05,1.274e-05,1.167e-05,1.225e-05,0,3417.18040197
06-01-2021,1.1e-05,1.209e-05,1.064e-05,1.209e-05,0,3374.28586267
05-01-2021,1.04e-05,1.129e-05,9.87e-06,1.1e-05,0,3068.13609212
04-01-2021,9.76e-06,1.153e-05,9.12e-06,1.039e-05,0,2899.90675506
03-01-2021,7.75e-06,1.007e-05,7.72e-06,9.72e-06,0.1756751,2712.42699123
02-01-2021,7.3e-06,7.87e-06,7.18e-06,7.75e-06,0,2161.32285364
01-01-2021,7.38e-06,7.49e-06,7.2e-06,7.3e-06,0,2037.62894291
31-12-2020,7.52e-06,7.54e-06,7.27e-06,7.38e-06,0,2058.90195995
30-12-2020,7.32e-06,7.54e-06,7.21e-06,7.52e-06,8.27382021,2096.96671952
29-12-2020,7.31e-06,7.38e-06,6.92e-06,7.32e-06,0,2041.39593697
28-12-2020,6.83e-06,7.46e-06,6.83e-06,7.31e-06,0,2039.9694574
27-12-2020,6.36e-06,7.1e-06,6.28e-06,6.83e-06,0,1905.1599031
26-12-2020,6.26e-06,6.51e-06,6.17e-06,6.36e-06,0,1774.39320528
25-12-2020,6.12e-06,6.33e-06,6.05e-06,6.26e-06,0,1747.67990987
24-12-2020,1.167e-05,1.173e-05,5.82e-06,6.11e-06,37.1729069,1705.78992091
23-12-2020,1.269e-05,1.274e-05,1.125e-05,1.168e-05,0,3257.64322267
22-12-2020,1.22e-05,1.27e-05,1.179e-05,1.27e-05,0,3543.21667695
21-12-2020,1.277e-05,1.294e-05,1.202e-05,1.222e-05,0,3408.86583502
20-12-2020,1.319e-05,1.32e-05,1.25e-05,1.277e-05,0,3561.61569557
19-12-2020,6.55e-06,1.338e-05,6.47e-06,1.319e-05,0.02637883,3679.23072577
18-12-2020,6.43e-06,6.63e-06,6.32e-06,6.55e-06,0,1826.78142001
17-12-2020,1.272e-05,1.333e-05,6.29e-06,6.43e-06,0.89253064,1794.08937379
16-12-2020,1.179e-05,1.273e-05,1.164e-05,1.273e-05,0,3550.68502791
15-12-2020,1.172e-05,1.192e-05,1.161e-05,1.179e-05,0,3288.72090345
14-12-2020,1.179e-05,1.181e-05,1.154e-05,1.172e-05,0,3269.85205158
13-12-2020,5.69e-06,1.188e-05,5.65e-06,1.179e-05,14.55511432,3290.04042342
12-12-2020,5.46e-06,5.73e-06,5.45e-06,5.69e-06,0,1586.60111952
11-12-2020,5.6e-06,5.6e-06,5.38e-06,5.46e-06,0,1522.6373966
10-12-2020,5.73e-06,5.75e-06,5.5e-06,5.6e-06,0,1561.55565959
09-12-2020,1.11e-05,1.15e-05,5.64e-06,5.73e-06,0.57368825,1599.92218378
08-12-2020,1.184e-05,1.19e-05,1.105e-05,1.109e-05,0,3095.17154974
07-12-2020,6.02e-06,1.192e-05,5.85e-06,1.184e-05,42.97121325,3302.90174022
06-12-2020,5.97e-06,6.07e-06,5.84e-06,6.02e-06,0,1678.70207298
05-12-2020,5.69e-06,5.96e-06,5.63e-06,5.96e-06,0.07292592,1664.20204813
04-12-2020,6.17e-06,6.19e-06,5.69e-06,5.69e-06,0,1588.82145268
03-12-2020,5.98e-06,6.22e-06,5.88e-06,6.17e-06,0,1720.76653914
02-12-2020,5.87e-06,6.04e-06,5.79e-06,5.98e-06,11.37309847,1669.48664542
01-12-2020,6.15e-06,6.35e-06,5.72e-06,5.88e-06,0,1639.23047254
30-11-2020,5.76e-06,6.15e-06,5.72e-06,6.15e-06,0.01230405,1715.05040392
29-11-2020,5.38e-06,5.77e-06,5.32e-06,5.76e-06,0,1606.4589899
28-11-2020,5.17e-06,5.48e-06,5.08e-06,5.38e-06,0,1501.9165787
27-11-2020,5.19e-06,5.31e-06,4.97e-06,5.17e-06,0.01092707,1443.58153059
26-11-2020,5.71e-06,5.76e-06,4.85e-06,5.19e-06,0,1447.01554289
25-11-2020,6.04e-06,6.05e-06,5.6e-06,5.71e-06,0,1592.57384675
24-11-2020,6.09e-06,6.21e-06,5.94e-06,6.04e-06,0,1684.64719611
23-11-2020,5.58e-06,6.1e-06,5.51e-06,6.08e-06,11.25762994,1695.25701564
22-11-2020,5.49e-06,5.79e-06,5.15e-06,5.58e-06,0.9884814,1557.11750706
21-11-2020,5.1e-06,5.5e-06,5.04e-06,5.49e-06,0,1533.02755235
20-11-2020,4.72e-06,5.14e-06,4.72e-06,5.1e-06,96.10361531,1422.24273132
19-11-2020,4.79e-06,4.8e-06,4.66e-06,4.72e-06,0,1315.8806314
18-11-2020,4.8e-06,4.92e-06,4.66e-06,4.79e-06,0,1337.61280442
17-11-2020,9.29e-06,9.4e-06,4.66e-06,4.8e-06,16.79370958,1340.14520561
16-11-2020,8.95e-06,9.28e-06,8.91e-06,9.2e-06,13.89405807,2566.27030284
15-11-2020,9.2e-06,9.22e-06,8.81e-06,8.95e-06,0,2497.37839466
14-11-2020,9.49e-06,9.5e-06,9.06e-06,9.2e-06,0,2567.50446047
13-11-2020,9.22e-06,9.5e-06,9.15e-06,9.49e-06,9.49018231,2648.40641681
12-11-2020,9.26e-06,9.35e-06,9.04e-06,9.22e-06,0.00918737,2572.37277546
11-11-2020,8.99e-06,9.47e-06,8.99e-06,9.26e-06,0,2583.32634051
10-11-2020,1.332e-05,1.361e-05,8.88e-06,8.99e-06,0.04495768,2509.3573624
09-11-2020,1.814e-05,1.829e-05,1.305e-05,1.333e-05,0.17787603,3717.81384477
08-11-2020,2.179e-05,2.233e-05,1.769e-05,1.814e-05,2.43366809,5061.64757057
07-11-2020,9.09e-06,2.197e-05,8.7e-06,2.179e-05,202.81592225,6078.1626533
06-11-2020,8.28e-06,9.12e-06,8.26e-06,9.09e-06,0,2537.31866772
05-11-2020,8.04e-06,8.35e-06,7.94e-06,8.28e-06,0,2310.51596772
04-11-2020,7.75e-06,8.15e-06,7.56e-06,8.04e-06,0,2243.87669791
03-11-2020,7.66e-06,7.79e-06,7.43e-06,7.75e-06,0,2162.74481623
02-11-2020,7.93e-06,8.06e-06,7.62e-06,7.66e-06,0,2137.88749884
01-11-2020,3.87e-06,7.94e-06,3.85e-06,7.93e-06,19.33613795,2211.59818307
31-10-2020,7.66e-06,7.86e-06,3.85e-06,3.87e-06,2.72282196,1078.6011634
30-10-2020,7.73e-06,7.83e-06,7.5e-06,7.66e-06,20.55269759,2136.08964734
29-10-2020,7.77e-06,7.86e-06,7.63e-06,7.73e-06,0,2157.97181824
28-10-2020,8.08e-06,8.18e-06,7.62e-06,7.77e-06,0,2168.74183027
27-10-2020,7.88e-06,8.2e-06,7.81e-06,8.07e-06,0,2250.81121899
26-10-2020,4.06e-06,7.89e-06,3.84e-06,7.87e-06,0.00787334,2196.64965718
25-10-2020,4.12e-06,4.17e-06,4.05e-06,4.06e-06,0,1133.17174518
24-10-2020,4.1e-06,4.17e-06,4.08e-06,4.13e-06,2.41645073,1151.36793478
23-10-2020,4.14e-06,4.19e-06,4.03e-06,4.09e-06,5.40549012,1142.13146516
22-10-2020,3.92e-06,4.2e-06,3.91e-06,4.14e-06,4.13772993,1154.41988114
21-10-2020,7.38e-06,7.78e-06,3.87e-06,3.92e-06,1.7091646,1094.2035917
20-10-2020,3.8e-06,7.55e-06,3.75e-06,7.38e-06,8.85929028,2059.77291193
19-10-2020,7.56e-06,7.67e-06,3.78e-06,3.8e-06,0.01893983,1060.01428402
18-10-2020,7.38e-06,7.57e-06,7.36e-06,7.56e-06,0,2110.42005969
17-10-2020,7.32e-06,7.4e-06,7.29e-06,7.38e-06,0.00737712,2058.20413203
16-10-2020,7.55e-06,7.6e-06,7.25e-06,7.32e-06,0.02197374,2043.54593464
15-10-2020,7.59e-06,7.62e-06,3.75e-06,7.55e-06,0.35075671,2106.11314799
14-10-2020,7.62e-06,7.75e-06,7.48e-06,7.59e-06,0,2117.5091626
13-10-2020,7.75e-06,7.75e-06,7.51e-06,7.62e-06,0.35069613,2127.03577378
12-10-2020,7.5e-06,7.9e-06,7.33e-06,7.75e-06,0,2163.52777771
11-10-2020,3.71e-06,7.54e-06,3.7e-06,7.5e-06,75.0285939,2093.28035877
10-10-2020,7.31e-06,7.57e-06,3.71e-06,3.71e-06,0.32743825,1034.99350149
09-10-2020,7.02e-06,7.37e-06,6.96e-06,7.31e-06,0.10967715,2039.98308647
08-10-2020,6.84e-06,7.04e-06,6.71e-06,7.02e-06,0,1957.26361482
07-10-2020,6.82e-06,6.85e-06,6.69e-06,6.84e-06,0,1907.28118904
06-10-2020,7.08e-06,7.1e-06,6.76e-06,6.82e-06,0,1901.74041545
05-10-2020,7.05e-06,7.1e-06,6.99e-06,7.08e-06,0,1975.05357443
04-10-2020,6.93e-06,7.08e-06,6.9e-06,7.05e-06,0,1967.32592239
03-10-2020,6.92e-06,7.03e-06,6.89e-06,6.93e-06,0,1933.58189889
02-10-2020,7.06e-06,7.08e-06,6.73e-06,6.92e-06,0,1932.00163262
01-10-2020,7.21e-06,7.39e-06,6.93e-06,7.06e-06,0,1970.8774488
30-09-2020,7.2e-06,7.22e-06,7.07e-06,7.2e-06,0,2008.44059163
29-09-2020,7.1e-06,7.21e-06,7.04e-06,7.2e-06,5.00061965,2007.43122298
28-09-2020,7.15e-06,7.33e-06,7.09e-06,7.1e-06,1.7402833,1981.78038402
27-09-2020,7.11e-06,7.24e-06,7e-06,7.15e-06,16.90684096,1994.49511787
26-09-2020,7.04e-06,7.12e-06,6.96e-06,7.11e-06,0,1983.61191342
25-09-2020,6.99e-06,7.16e-06,6.78e-06,7.04e-06,0,1965.17098087
24-09-2020,6.42e-06,7.03e-06,6.37e-06,6.99e-06,34.9356753,1949.39926195
23-09-2020,6.89e-06,6.89e-06,6.38e-06,6.42e-06,0,1791.81915852
22-09-2020,3.41759415635e-06,6.93039710689e-06,3.36848021913e-06,6.89021130003e-06,23.1646113371321,1922.35768032268
21-09-2020,3.71514195862e-06,3.75751476343e-06,3.36002387224e-06,3.42821776437e-06,7.00260444956273,956.467147694968
20-09-2020,7.69195534145e-06,7.69195534145e-06,3.67195426925e-06,3.71410134076e-06,22.6026762551543,1036.22819780225
19-09-2020,7.68734554013e-06,7.7051012141e-06,7.66740620106e-06,7.69195534145e-06,0,2146.04295622561
18-09-2020,7.78323729852e-06,7.83859301136e-06,7.54089390288e-06,7.68734554013e-06,0.384367277006253,2144.75682919897
17-09-2020,3.70947495421e-06,7.80612746272e-06,3.70947495421e-06,7.78323729852e-06,23.3497118955474,2171.51047291086
16-09-2020,3.64707638893e-06,3.72746140559e-06,3.56687981072e-06,3.70947495421e-06,0,1034.93744352356
15-09-2020,3.597587252e-06,3.69157626303e-06,3.597587252e-06,3.64755728768e-06,0.526492066461663,1017.662515859
14-09-2020,3.597587252e-06,3.597587252e-06,3.597587252e-06,3.597587252e-06,0,1003.72095765526
13-09-2020,3.87754722262e-06,3.89464517749e-06,3.55484597107e-06,3.597587252e-06,0,1003.72095765526
12-09-2020,3.69295691766e-06,3.87848667784e-06,3.69295691766e-06,3.87848667784e-06,22.6723027977045,1082.09143791316
11-09-2020,3.68928104848e-06,3.791651941e-06,3.50567338162e-06,3.69295691766e-06,0,1030.32893834962
10-09-2020,6.91638748976e-06,6.91638748976e-06,3.6220344413e-06,3.67460871152e-06,0.117234716332243,1025.20981885423
09-09-2020,6.91638748976e-06,6.91638748976e-06,6.91638748976e-06,6.91638748976e-06,0,1929.66079443311
08-09-2020,6.91638748976e-06,6.91638748976e-06,6.91638748976e-06,6.91638748976e-06,0,1929.66079443311
07-09-2020,7.07407720446e-06,7.16466190707e-06,6.53205679672e-06,6.91638748976e-06,0,1929.66079443311
06-09-2020,3.89898908036e-06,7.19099033596e-06,3.89898908036e-06,7.07407720446e-06,218.721875695112,1973.65596685403
05-09-2020,3.89898908036e-06,3.89898908036e-06,3.89898908036e-06,3.89898908036e-06,0,1087.8115746743
04-09-2020,3.85671044933e-06,4.02481526326e-06,3.71792537114e-06,3.89898908036e-06,0,1087.8115746743
03-09-2020,4.4007546719e-06,4.49335699971e-06,3.81118748432e-06,3.85349199772e-06,3.0898840234528,1075.11796305097
02-09-2020,4.77042922147e-06,4.80411737241e-06,4.24477505493e-06,4.3968461518e-06,9.08326859115892,1226.7128831119
01-09-2020,4.34960562748e-06,4.87229929719e-06,4.32113630598e-06,4.77110258234e-06,0.0477110258233849,1331.12981494904
31-08-2020,3.91450021346e-06,4.3845138585e-06,3.91450021346e-06,4.35535820968e-06,9.3124439988973,1215.13781513469
30-08-2020,3.91450021346e-06,3.91450021346e-06,3.91450021346e-06,3.91450021346e-06,0,1092.13915543299
29-08-2020,3.91450021346e-06,3.91450021346e-06,3.91450021346e-06,3.91450021346e-06,0,1092.13915543299
28-08-2020,3.82690776499e-06,3.92721797384e-06,3.81280344395e-06,3.91450021346e-06,0,1092.13915543299
27-08-2020,7.7299461407e-06,7.78605637268e-06,3.74806588473e-06,3.82577296787e-06,81.3901330225729,1067.38439907115
26-08-2020,3.84031527174e-06,7.77051090568e-06,3.78923569065e-06,7.736997937e-06,33.9513202646941,2158.60976669438
25-08-2020,4.08090938252e-06,4.08499878349e-06,3.83289632015e-06,3.84499764292e-06,1.375209546963,1072.74805195854
24-08-2020,3.9141039346e-06,4.09361184802e-06,3.89318347578e-06,4.08106019832e-06,0.0122064510531862,1138.6091187168
23-08-2020,3.91394465403e-06,3.95133236657e-06,3.8530395452e-06,3.91792892031e-06,23.0840454055751,1093.09575903478
22-08-2020,3.89081644187e-06,3.94368457647e-06,3.82812134639e-06,3.91394465403e-06,0,1091.98415526092
21-08-2020,4.25604593427e-06,4.25604593427e-06,3.87520412724e-06,3.88942560174e-06,1.16317550988116,1085.14337978518
20-08-2020,4.25604593427e-06,4.25604593427e-06,4.25604593427e-06,4.25604593427e-06,0,1187.42985277018
19-08-2020,4.25604593427e-06,4.25604593427e-06,4.25604593427e-06,4.25604593427e-06,0,1187.42985277018
18-08-2020,4.29669888703e-06,4.32587343253e-06,4.19798120319e-06,4.25604593427e-06,0,1187.42985277018
17-08-2020,4.34524433915e-06,4.42744301016e-06,4.26525648629e-06,4.2999222418e-06,0.887542650008223,1199.67127078941
16-08-2020,4.33274274166e-06,4.36274323994e-06,4.15112845186e-06,4.34524433915e-06,0,1212.31606180311
15-08-2020,4.37637609935e-06,4.41785998832e-06,4.29651946335e-06,4.33210385257e-06,1.40996550879228,1208.64988754513
14-08-2020,3.96839664778e-06,8.63058680329e-06,3.96839664778e-06,4.37441255028e-06,0.388290355613133,1220.45394498919
13-08-2020,3.91088379033e-06,4.00285045366e-06,3.89704289275e-06,3.96839664778e-06,0,1107.1761724337
12-08-2020,3.90196981722e-06,3.9133981556e-06,3.67958492665e-06,3.91224102516e-06,7.31193935360488,1091.50884559332
11-08-2020,3.95895883088e-06,3.98335440949e-06,3.88993186516e-06,3.90196981722e-06,0,1088.64319538176
10-08-2020,3.91059052793e-06,3.99104076126e-06,3.91059052793e-06,3.95808343966e-06,15.9550699680256,1104.29880424063
09-08-2020,3.91059052793e-06,3.91059052793e-06,3.91059052793e-06,3.91059052793e-06,0,1091.04835956637
08-08-2020,3.7953615951e-06,3.92721003929e-06,3.77380949932e-06,3.91059052793e-06,0,1091.04835956637
07-08-2020,3.94962976144e-06,3.98276698393e-06,3.67932290241e-06,3.79647791708e-06,32.303156193216,1059.21112782745
06-08-2020,8.0321566772e-06,8.06980276845e-06,3.92624504717e-06,3.94972493855e-06,23.6983496313039,1101.96679610545
05-08-2020,3.89890240884e-06,8.0373297844e-06,3.86234870441e-06,8.0321566772e-06,113.777981268905,2240.95857233048
04-08-2020,3.86160897488e-06,4.00721932109e-06,3.83009905739e-06,3.89821472075e-06,1.12823689733715,1087.59552960997
03-08-2020,3.70680898227e-06,3.96544142945e-06,3.70184197309e-06,3.86469048412e-06,163.52824457186,1078.24232243585
02-08-2020,3.85369873919e-06,4.11111498765e-06,3.5757503177e-06,3.70680898227e-06,22.2408538936333,1034.19364171383
01-08-2020,6.91241841816e-06,7.78050293963e-06,3.5342053251e-06,3.85708316374e-06,117.228830016462,1076.1198924954
31-07-2020,3.34715460613e-06,1.03643262797e-05,3.29409197514e-06,6.91241841816e-06,302.854811192958,1928.55342995011
30-07-2020,6.36522807887e-06,6.3979734953e-06,3.18229708689e-06,3.34715460613e-06,21.7531577852598,933.850659165334
29-07-2020,6.33374816661e-06,6.48921305674e-06,6.26355475029e-06,6.362025063e-06,63.2497899105838,1774.994584304
28-07-2020,3.24496993148e-06,6.43989888248e-06,3.24496993148e-06,6.33231569054e-06,0.0694465061781061,1766.70571799219
27-07-2020,3.09813291687e-06,3.27943546331e-06,3.09813291687e-06,3.24496993148e-06,0,905.341302112112
26-07-2020,9.12372828447e-06,9.12372828447e-06,3.01955349705e-06,3.09752098131e-06,73.6788142168724,864.203286241165
25-07-2020,5.58126586586e-06,9.20434115089e-06,5.58126586586e-06,9.12247570629e-06,993.187697234114,2545.15579768465
24-07-2020,2.64464322598e-06,5.70237135785e-06,2.64464322598e-06,5.58173989575e-06,100.569517673516,1557.29629918778
23-07-2020,2.62369591796e-06,2.66023313745e-06,2.61205009848e-06,2.64464322598e-06,0,737.851133412102
22-07-2020,4.90053566617e-06,4.90372562447e-06,2.43909330287e-06,2.62369591796e-06,47.226521275858,732.006868744318
21-07-2020,4.72337801734e-06,4.92404945926e-06,2.44258930092e-06,4.90202595815e-06,29.9289714436571,1367.65722260938
20-07-2020,4.76993553518e-06,9.52646838058e-06,2.356527966e-06,4.72962720246e-06,74.8046469910256,1319.55825181624
19-07-2020,4.65376987701e-06,4.78225214356e-06,2.33732879489e-06,4.76993553518e-06,66.8540784940976,1330.80421070068
18-07-2020,4.65376987701e-06,4.65376987701e-06,4.65376987701e-06,4.65376987701e-06,0,1298.39418211827
17-07-2020,4.67390340286e-06,4.6882904307e-06,4.64168405278e-06,4.65376987701e-06,0,1298.39418211827
16-07-2020,7.15260451141e-06,7.1700810774e-06,4.64191823697e-06,4.67337094209e-06,19.6083335172303,1303.86284720825
15-07-2020,4.80301441819e-06,7.1729730981e-06,4.75065631043e-06,7.15692047443e-06,55.0088422431434,1996.76910364407
14-07-2020,4.79297247661e-06,7.22866213171e-06,2.37798950805e-06,4.80564726534e-06,181.014435684564,1340.76772499093
13-07-2020,7.26368046267e-06,9.73512451341e-06,4.76492324696e-06,4.79297247661e-06,322.09448455485,1337.23147967122
12-07-2020,4.78949691951e-06,1.44584661056e-05,4.75544198759e-06,7.26368046267e-06,40.1583615172765,2026.55496570369
11-07-2020,9.63952615648e-06,1.93068318227e-05,4.77982493864e-06,4.78996718726e-06,59.1174972071231,1336.39300885922
10-07-2020,7.28910640393e-06,9.64816692616e-06,4.77428645489e-06,9.63868261309e-06,41.626125583083,2689.17668016735
09-07-2020,1.23328880932e-05,1.23609268009e-05,7.19749447847e-06,7.29036688902e-06,0.104359171893996,2034.00043499635
08-07-2020,7.17264005065e-06,2.48241521745e-05,7.15009806917e-06,1.23328880932e-05,105.980666034469,3440.85560139788
07-07-2020,2.00762310966e-06,9.55814926961e-06,2.00762310966e-06,7.17264005065e-06,43.5253968961523,2001.15483969223
06-07-2020,2.00762310966e-06,2.00762310966e-06,2.00762310966e-06,2.00762310966e-06,0,560.123563123733
05-07-2020,2.00762310966e-06,2.00762310966e-06,2.00762310966e-06,2.00762310966e-06,0,560.123563123733
04-07-2020,2.00762310966e-06,2.00762310966e-06,2.00762310966e-06,2.00762310966e-06,0,560.123563123733
03-07-2020,2.00762310966e-06,2.00762310966e-06,2.00762310966e-06,2.00762310966e-06,0,560.123563123733
02-07-2020,2.00762310966e-06,2.00762310966e-06,2.00762310966e-06,2.00762310966e-06,0,560.123563123733
01-07-2020,2.00762310966e-06,2.00762310966e-06,2.00762310966e-06,2.00762310966e-06,0,560.123563123733
30-06-2020,2.00762310966e-06,2.00762310966e-06,2.00762310966e-06,2.00762310966e-06,0,560.123563123733
29-06-2020,2.00762310966e-06,2.00762310966e-06,2.00762310966e-06,2.00762310966e-06,0,560.123563123733
28-06-2020,2.00762310966e-06,2.00762310966e-06,2.00762310966e-06,2.00762310966e-06,0,560.123563123733
27-06-2020,2.00762310966e-06,2.00762310966e-06,2.00762310966e-06,2.00762310966e-06,0,560.123563123733
26-06-2020,2.00762310966e-06,2.00762310966e-06,2.00762310966e-06,2.00762310966e-06,0,560.123563123733
25-06-2020,2.00762310966e-06,2.00762310966e-06,2.00762310966e-06,2.00762310966e-06,0,560.123563123733
24-06-2020,2.00762310966e-06,2.00762310966e-06,2.00762310966e-06,2.00762310966e-06,0,560.123563123733
23-06-2020,2.00762310966e-06,2.00762310966e-06,2.00762310966e-06,2.00762310966e-06,0,560.123563123733
22-06-2020,2.00762310966e-06,2.00762310966e-06,2.00762310966e-06,2.00762310966e-06,0,560.123563123733
21-06-2020,2.00762310966e-06,2.00762310966e-06,2.00762310966e-06,2.00762310966e-06,0,560.123563123733
20-06-2020,2.00762310966e-06,2.00762310966e-06,2.00762310966e-06,2.00762310966e-06,0,560.123563123733
19-06-2020,2.00762310966e-06,2.00762310966e-06,2.00762310966e-06,2.00762310966e-06,0,560.123563123733
18-06-2020,2.00762310966e-06,2.00762310966e-06,2.00762310966e-06,2.00762310966e-06,0,560.123563123733
17-06-2020,2.00762310966e-06,2.00762310966e-06,2.00762310966e-06,2.00762310966e-06,0,560.123563123733
16-06-2020,2.00762310966e-06,2.00762310966e-06,2.00762310966e-06,2.00762310966e-06,0,560.123563123733
15-06-2020,2.00762310966e-06,2.00762310966e-06,2.00762310966e-06,2.00762310966e-06,0,560.123563123733
14-06-2020,2.00762310966e-06,2.00762310966e-06,2.00762310966e-06,2.00762310966e-06,0,560.123563123733
13-06-2020,2.00762310966e-06,2.00762310966e-06,2.00762310966e-06,2.00762310966e-06,0,560.123563123733
12-06-2020,2.00762310966e-06,2.00762310966e-06,2.00762310966e-06,2.00762310966e-06,0,560.123563123733
11-06-2020,2.00762310966e-06,2.00762310966e-06,2.00762310966e-06,2.00762310966e-06,0,560.123563123733
10-06-2020,2.00762310966e-06,2.00762310966e-06,2.00762310966e-06,2.00762310966e-06,0,560.123563123733
09-06-2020,2.00762310966e-06,2.00762310966e-06,2.00762310966e-06,2.00762310966e-06,0,560.123563123733
08-06-2020,2.00762310966e-06,2.00762310966e-06,2.00762310966e-06,2.00762310966e-06,0,560.123563123733
07-06-2020,2.00762310966e-06,2.00762310966e-06,2.00762310966e-06,2.00762310966e-06,0,560.123563123733
06-06-2020,2.00762310966e-06,2.00762310966e-06,2.00762310966e-06,2.00762310966e-06,0,560.123563123733
05-06-2020,2.00762310966e-06,2.00762310966e-06,2.00762310966e-06,2.00762310966e-06,0,560.123563123733
04-06-2020,2.00762310966e-06,2.00762310966e-06,2.00762310966e-06,2.00762310966e-06,0,560.123563123733
03-06-2020,2.00762310966e-06,2.00762310966e-06,2.00762310966e-06,2.00762310966e-06,0,560.123563123733
02-06-2020,2.00762310966e-06,2.00762310966e-06,2.00762310966e-06,2.00762310966e-06,0,560.123563123733
01-06-2020,2.00762310966e-06,2.00762310966e-06,2.00762310966e-06,2.00762310966e-06,0,560.123563123733
31-05-2020,2.00762310966e-06,2.00762310966e-06,2.00762310966e-06,2.00762310966e-06,0,560.123563123733
30-05-2020,2.00762310966e-06,2.00762310966e-06,2.00762310966e-06,2.00762310966e-06,0,560.123563123733
29-05-2020,2.00762310966e-06,2.00762310966e-06,2.00762310966e-06,2.00762310966e-06,0,560.123563123733
28-05-2020,2.00762310966e-06,2.00762310966e-06,2.00762310966e-06,2.00762310966e-06,0,560.123563123733
27-05-2020,2.00762310966e-06,2.00762310966e-06,2.00762310966e-06,2.00762310966e-06,0,560.123563123733
26-05-2020,2.00762310966e-06,2.00762310966e-06,2.00762310966e-06,2.00762310966e-06,0,560.123563123733
25-05-2020,2.00762310966e-06,2.00762310966e-06,2.00762310966e-06,2.00762310966e-06,0,560.123563123733
24-05-2020,2.00762310966e-06,2.00762310966e-06,2.00762310966e-06,2.00762310966e-06,0,560.123563123733
23-05-2020,2.00762310966e-06,2.00762310966e-06,2.00762310966e-06,2.00762310966e-06,0,560.123563123733
22-05-2020,2.00762310966e-06,2.00762310966e-06,2.00762310966e-06,2.00762310966e-06,0,560.123563123733
21-05-2020,2.00762310966e-06,2.00762310966e-06,2.00762310966e-06,2.00762310966e-06,0,560.123563123733
20-05-2020,2.00762310966e-06,2.00762310966e-06,2.00762310966e-06,2.00762310966e-06,0,560.123563123733
19-05-2020,2.00762310966e-06,2.00762310966e-06,2.00762310966e-06,2.00762310966e-06,0,560.123563123733
18-05-2020,2.00762310966e-06,2.00762310966e-06,2.00762310966e-06,2.00762310966e-06,0,560.123563123733
17-05-2020,2.00762310966e-06,2.00762310966e-06,2.00762310966e-06,2.00762310966e-06,0,560.123563123733
16-05-2020,1.95630580999e-06,2.02778646052e-06,1.94538787258e-06,2.00762310966e-06,0,560.123563123733
15-05-2020,2.02918891819e-06,2.03566584216e-06,1.93753576804e-06,1.95634963305e-06,563.866664267424,545.81834703295
14-05-2020,1.99188081956e-06,2.04116409999e-06,1.96892942088e-06,2.03009733005e-06,372.615911606226,566.393833844718
13-05-2020,3.78610458701e-06,3.82057571049e-06,1.9091971989e-06,1.99188081956e-06,121.320602522126,555.731489940219
12-05-2020,5.5570859217e-06,5.64170097493e-06,1.86416995304e-06,3.78542765402e-06,684.28759115357,1056.12812251194
11-05-2020,5.5570859217e-06,5.5570859217e-06,5.5570859217e-06,5.5570859217e-06,0,1550.41788076173
10-05-2020,6.34717938759e-06,6.34791448478e-06,5.48033711972e-06,5.5570859217e-06,0,1550.41788076173
09-05-2020,6.3894091369e-06,6.44156538019e-06,4.2224366756e-06,6.34609984596e-06,686.980424734662,1770.55147480349
08-05-2020,6.36880022384e-06,6.48488818116e-06,4.20324185467e-06,6.39228713003e-06,653.904882217109,1783.43765149663
07-05-2020,6.12406557889e-06,1.85832709494e-05,4.06789181168e-06,6.36880022384e-06,2163.58974173109,1776.88484309419
06-05-2020,4.13517920622e-06,5.37287583229e-05,4.09870097569e-06,6.12406557889e-06,1791.49542402439,1708.60427753902
05-05-2020,2.94074492624,2.94074492624,4.11677291434e-06,4.13517920622e-06,2319.90555360889,1153.7082333822
04-05-2020,2.94074492624,2.94074492624,2.94074492624,2.94074492624,0,820463023.362261
03-05-2020,2.94074492624,2.94074492624,2.94074492624,2.94074492624,0,820463023.362261
02-05-2020,2.94074492624,2.94074492624,2.94074492624,2.94074492624,0,820463023.362261
01-05-2020,2.94074492624,2.94074492624,2.94074492624,2.94074492624,0,820463023.362261
30-04-2020,2.94074492624,2.94074492624,2.94074492624,2.94074492624,0,820463023.362261
29-04-2020,2.90106915857,2.94696635946,2.89716185647,2.94074492624,0,820463023.362261
28-04-2020,2.87922482232,2.9058869494,2.85665259953,2.90197809538,5933.38046573915,809647140.974856
27-04-2020,1.10351232828,2.87861629928,1.1029029237,2.87861629928,84697.4211285325,803129238.082854
26-04-2020,0.21521950503,1.10308949779,0.21521950503,1.10301219102,96763.7636431188,307738596.766635
25-04-2020,0.213852034403,0.215277163794,0.213002675777,0.21521950503,0,60045889.8042598
24-04-2020,0.20860686119,0.214598484497,0.20860686119,0.21387308974,5580.80453175487,59670242.1410852
23-04-2020,0.106799579269,0.21011432592,0.106741077904,0.208567914113,39383.8507785668,58190106.8204195
22-04-2020,0.0106467338382,0.106858490624,0.0106442157825,0.106791400839,128637.441612266,29794626.1233492
21-04-2020,0.00114958027056,0.0106563902859,0.00114793067657,0.0106452853526,130696.091113076,2970017.19768856
20-04-2020,0.000152903451848,0.00115209633008,0.000152520716662,0.00114936702253,119325.450592914,320671.518921421
19-04-2020,0.000311204598037,0.000422166750801,0.00014515210269,0.00015294691509,111441.199805557,42671.9390889569
18-04-2020,0.00014332813155,0.000311682431863,0.000143220537926,0.000311099936458,122777.770725822,86796.373312286
17-04-2020,0.000142829488828,0.000144575524793,0.000142169879086,0.00014332813155,118835.215170919,39988.3142176268
16-04-2020,0.000134375396235,0.00014302669193,0.00013272057535,0.000142806747987,128312.012331288,39842.8490565333
15-04-2020,0.00013839343649,0.000139974606407,0.000133816628145,0.000134381749497,120349.995047786,37492.2882611208
14-04-2020,0.000137624554273,0.000140840639016,0.000137624554273,0.000138381641728,115085.599759813,38608.2516497461
13-04-2020,0.000141933629935,0.000141933629935,0.000134219445691,0.000137624554273,119998.897844673,38397.0254883962
12-04-2020,0.000160702574451,0.000161432266318,0.0001402902473,0.000141991238678,121922.955412521,39615.3232934955
11-04-2020,0.000289095939213,0.000331033392409,0.000152107723301,0.000160628552082,355.973230202785,44815.1032425668
10-04-2020,0.000807739983116,0.000807739983116,0.000241607519751,0.000289095939213,1528.56259230001,80657.2940794704
09-04-2020,0.00129503584345,0.00129521547638,0.000722603145814,0.000807996314677,1867.98564722842,225429.649912912
08-04-2020,0.00158408892376,0.00158864368314,0.00083561075659,0.001294301224,2029.98645798218,361107.924019198
07-04-2020,0.0035994606732,0.0035994606732,0.00157950875519,0.00158448978812,3117.64283472904,442070.058660187
06-04-2020,0.00541678273057,0.0092483317318,0.00155223570298,0.00359103180519,5727.19641352809,1001891.99871998
05-04-2020,0.0156006254492,0.015629851064,0.00322792521593,0.0054180564578,12096.8377724678,1511628.88778584
04-04-2020,0.0432377793038,0.0434020905163,0.0155324563256,0.0155950983677,20540.9817028457,4351006.93100737
03-04-2020,0.0634435762754,0.0635340532532,0.0427871957678,0.0432340089676,42009.3706766861,12062217.7711217
02-04-2020,0.0621285179399,0.0641271425117,0.0189543059315,0.0634419541645,51331.9261178666,17700201.4208585
01-04-2020,0.065401970992,0.0656363303524,0.0540259492404,0.0621388486478,63073.9830385471,17336637.1135798
31-03-2020,0.0883139329993,0.0892282296466,0.0204622800685,0.065401970992,61547.6303258527,18247042.9091435
30-03-2020,0.0823882987513,0.0890677149282,0.0821958076362,0.0885087005037,53424.5386029159,24693782.6402983
29-03-2020,0.11868576624,0.121406330354,0.0264544087658,0.0824399415142,60201.3928055852,23000608.8107175
28-03-2020,0.130039973343,0.130052729463,0.0420102975744,0.118713029137,72261.2694826315,33120740.9147073
27-03-2020,0.287411483214,0.289935366323,0.129970098625,0.130108741638,117454.875198996,36300126.0591007
26-03-2020,0.330802550701,0.336873156195,0.183423141669,0.28744758516,143888.079327713,80197405.9953907
25-03-2020,0.394792150327,0.399970217136,0.253774455336,0.330802550701,194715.986655873,92293370.4526061
24-03-2020,0.386871120691,0.40535248628,0.376315822128,0.394351675793,231917.83096796,110023472.386905
23-03-2020,0.430239215585,0.446348077695,0.362615591967,0.386597188701,262668.234957039,107859983.174578
22-03-2020,0.450268397726,0.462630610911,0.229795545657,0.430239215585,320677.314983804,120036037.276858
21-03-2020,0.517612581636,0.523919906053,0.130108886646,0.44981849141,373966.613455714,125498623.200338
20-03-2020,3.53828250147,3.5600787295,0.424509455164,0.517612581636,6703.35756821692,144413063.46226
19-03-2020,4.8234761899,26.046501878,1.36065928077,3.54026909624,3361069.31802702,987729285.970719
18-03-2020,34.6377580949,35.2588721254,4.72030870691,4.8234761899,219906.447293338,1345741965.77505
17-03-2020,7.74156547519,34.743910515,5.81942145001,34.5873946467,180283.912561669,9649826521.45166
16-03-2020,6.2603608337,8.85011805397,5.457174956,7.7360601313,25843242.3365317,2158348120.43833
15-03-2020,4.93239611561,6.61230276654,4.89139952539,6.25582222406,19868129.434955,1745364165.98758
14-03-2020,2.39807148623,4.93684709333,2.2745858741,4.93239611561,903.854189591821,1376130446.85514
13-03-2020,1.23586344401,2.46178911745,1.04701258696,2.39772609044,1142.69071685683,668961656.552876
12-03-2020,1.12950012876,1.42124593342,0.782176861935,1.23298131722,2086.03003397308,343999770.346945
11-03-2020,0.194748250595,1.13101004378,0.194704632537,1.12986919163,3491.61787329243,315231655.998773
10-03-2020,0.0706948523155,0.196664543184,0.0706948523155,0.194743927079,1958.39972200809,54333237.0539763
09-03-2020,0.0919362528856,0.0919362528856,0.0196005314465,0.0706023761054,8034.05320675318,19697947.4279193
08-03-2020,0.0919362528856,0.0919362528856,0.0919362528856,0.0919362528856,0,25650064.1473727
07-03-2020,0.0919362528856,0.0919362528856,0.0919362528856,0.0919362528856,0,25650064.1473727
06-03-2020,0.0919362528856,0.0919362528856,0.0919362528856,0.0919362528856,0,25650064.1473727
05-03-2020,0.0919362528856,0.0919362528856,0.0919362528856,0.0919362528856,0,25650064.1473727
04-03-2020,0.0919362528856,0.0919362528856,0.0919362528856,0.0919362528856,0,25650064.1473727
03-03-2020,0.0919362528856,0.0919362528856,0.0919362528856,0.0919362528856,0,25650064.1473727
02-03-2020,0.0919362528856,0.0919362528856,0.0919362528856,0.0919362528856,0,25650064.1473727
01-03-2020,0.0919362528856,0.0919362528856,0.0919362528856,0.0919362528856,0,25650064.1473727
29-02-2020,0.0919362528856,0.0919362528856,0.0919362528856,0.0919362528856,0,25650064.1473727
28-02-2020,0.0919362528856,0.0919362528856,0.0919362528856,0.0919362528856,0,25650064.1473727
27-02-2020,0.0947933017692,0.094794824197,0.0893233646163,0.0919362528856,0,25650064.1473727
26-02-2020,0.104090620718,0.104856815664,0.0929343720944,0.094804543964,12251.3440474832,26450312.6657221
25-02-2020,0.0238753071535,0.105898461522,0.0238222787159,0.104221462796,13468.2679169452,29077617.6137709
24-02-2020,0.0147825573704,0.0238730915731,0.0143617314635,0.0238730915731,2274.6324091898,6660553.49251709
23-02-2020,0.0939967893087,0.0939967893087,0.0108091586594,0.0147811405516,1376.10611951405,4123914.03195046
16-12-2019,0.0939967893087,0.0939967893087,0.0939967893087,0.0939967893087,0,26224950.43838
15-12-2019,0.0939967893087,0.0939967893087,0.0939967893087,0.0939967893087,0,26224950.43838
14-12-2019,0.0939967893087,0.0939967893087,0.0939967893087,0.0939967893087,0,25472976.1239104
13-12-2019,0.0939967893087,0.0939967893087,0.0939967893087,0.0939967893087,0,25472976.1239104
12-12-2019,0.0939967893087,0.0939967893087,0.0939967893087,0.0939967893087,0,25472976.1239104
11-12-2019,0.0939967893087,0.0939967893087,0.0939967893087,0.0939967893087,0,24580006.6254777
10-12-2019,0.0939967893087,0.0939967893087,0.0939967893087,0.0939967893087,0,23358048.3644646
09-12-2019,0.0939967893087,0.0939967893087,0.0939967893087,0.0939967893087,0,21760102.9462167
08-12-2019,0.0939967893087,0.0939967893087,0.0939967893087,0.0939967893087,0,20256154.3172775
07-12-2019,0.0939967893087,0.0939967893087,0.0939967893087,0.0939967893087,0,18820995.8286421
06-12-2019,0.0939967893087,0.0939967893087,0.0939967893087,0.0939967893087,0,18820995.8286421
05-12-2019,0.0939967893087,0.0939967893087,0.0939967893087,0.0939967893087,0,18820995.8286421
04-12-2019,0.0939967893087,0.0939967893087,0.0939967893087,0.0939967893087,0,14121156.3632071
03-12-2019,0.0939967893087,0.0939967893087,0.0939967893087,0.0939967893087,0,14121156.3632071
02-12-2019,0.0939967893087,0.0939967893087,0.0939967893087,0.0939967893087,0,14121156.3632071
01-12-2019,0.0939967893087,0.0939967893087,0.0939967893087,0.0939967893087,0,14121156.3632071
30-11-2019,0.0939967893087,0.0939967893087,0.0939967893087,0.0939967893087,0,14121156.3632071
29-11-2019,0.0939967893087,0.0939967893087,0.0939967893087,0.0939967893087,3269.13757618662,13810919.9600937
28-11-2019,0.0939967893087,0.0939967893087,0.0939967893087,0.0939967893087,3269.13757618662,13810919.9600937
27-11-2019,0.521239836738,0.52201144045,0.0930871820619,0.0939967893087,3269.13757618662,13810919.9600937
26-11-2019,0.424777769639,2.63495067174,0.298258387145,0.521851159061,6188.70999933733,73022475.6102069
25-11-2019,0.342495026735,2.49652900824,0.34091143256,0.424697757344,7097.12949500476,56059027.3605931
24-11-2019,0.0436748996768,0.342832865816,0.0436748996768,0.342832865816,32744.9349529458,45253069.2063972
23-11-2019,0.0892653121283,0.101483402748,0.00270072684712,0.0436748996768,11065.6537717032,5721301.14179012
22-11-2019,0.00373788435717,0.266638370911,0.00308956231735,0.0893024924686,16283.3082381845,11698400.1315682
21-11-2019,0.00335503731112,0.00448394229715,0.00206905555398,0.00373607471101,355.461826783407,489416.316192918
20-11-2019,0.00371621302849,0.00526392259895,0.00228001801305,0.00335545019715,193.485443081097,436200.01956325
19-11-2019,0.00522573173922,0.00526840036653,0.00228076299182,0.00371621302849,228.349014580415,483098.273103673
18-11-2019,0.0066113494112,0.00667444436958,0.000616764983562,0.00522824888523,561.598123401978,669150.321209664
17-11-2019,0.0129412119444,0.0131070967481,0.00278977474943,0.00661280160212,673.329028060313,846289.585587256
16-11-2019,0.0230902069039,0.023558613267,0.00660695214053,0.0129412119444,938.621783565988,1656183.49867203
15-11-2019,0.00372823794997,0.0233160989606,0.00352136689785,0.0230883385608,1221.82669070264,2954787.04007293
14-11-2019,0.0429564801213,0.0430602297537,0.000481287504518,0.00372823794997,886.529649454027,473402.203803987
13-11-2019,0.00261587839722,0.0430889848569,0.00162131169847,0.0429490411964,51277.3079518412,5423496.04646196
12-11-2019,0.00259636731841,0.00263111578614,0.00257771143172,0.00261655707069,416.535399881208,330359.862773145
11-11-2019,0.00265205521371,0.00266487406374,0.00259104745968,0.0025962293575,413.299387091949,327793.337236529
10-11-2019,0.00258975475418,0.00267268817682,0.0025858729764,0.00265205521371,422.397416172996,334841.768323058
09-11-2019,0.00257997690453,0.00260127594243,0.00257404720391,0.0025893856119,412.20991637547,326929.263265968
08-11-2019,0.00263220623367,0.00264291841655,0.00255561284123,0.00257899699033,410.556129156506,325617.622241695
07-11-2019,0.00268066849619,0.00268665105003,0.00261189756534,0.0026316899615,418.94443761783,332270.503204938
06-11-2019,0.00264985656635,0.00270984431538,0.00264023663832,0.00268345736769,427.185403382044,338806.524680112
05-11-2019,0.00260911517368,0.00267720758141,0.0025791102476,0.00265079111111,422.660395120698,334682.165933282
04-11-2019,0.00255391286077,0.00263251370722,0.00254495250182,0.00260911517368,415.350708141013,329420.267721871
03-11-2019,0.00257503358842,0.00259027018605,0.00251808935015,0.0025536318049,406.529397086022,322415.078230049
02-11-2019,0.00257694360429,0.00259948035359,0.00255930663401,0.00257513226264,409.940894765573,325129.671520641
01-11-2019,0.00257323583802,0.00259268908302,0.00253634298851,0.00257694360429,410.239628423898,325358.366925618
31-10-2019,0.00258553763833,0.00264239283606,0.0025211996454,0.00257654789993,410.166253139914,325308.406296236
30-10-2019,0.00266493238648,0.00267575274842,0.00254144183646,0.00258718247036,411.85919349006,326651.100200091
29-10-2019,0.00255625799086,0.00268451446863,0.00255381355168,0.00266571837705,424.361494956074,336566.844690247
28-10-2019,0.00258018396611,0.00263147904058,0.00252481352465,0.00255625799086,406.941782778278,322746.653811977
27-10-2019,0.00251794746433,0.00263454398563,0.00248795259001,0.0025819393803,411.024534603402,325989.120940349
26-10-2019,0.00254109584363,0.00274250275611,0.00246050460286,0.00251794746433,400.842922201099,317909.663849484
25-10-2019,0.00227042481961,0.00256197976305,0.00226782836788,0.00254225749997,404.707489934153,320978.98732345
24-10-2019,0.00227335926407,0.00229820624265,0.0022515721984,0.00227042481961,361.448348432857,286658.082197041
23-10-2019,0.00241146483616,0.002413501599,0.00220340119693,0.00227123531667,361.562880264431,286760.413501226
22-10-2019,0.00244869430207,0.00245894103845,0.00241145547527,0.00241158917436,384.054318389755,304481.135776137
21-10-2019,0.00245717327444,0.00248833117898,0.00242483143638,0.00244838666375,390.042689829114,309127.093504882
20-10-2019,0.00242244336973,0.00247404176124,0.00239771166824,0.00245587501737,390.956075017359,310072.554049967
19-10-2019,0.00243136432884,0.00245872356052,0.00241138016517,0.00242039109018,385.313794834372,305592.443354713
18-10-2019,0.00249094772002,0.00249344852064,0.0023922437743,0.00243099492573,386.995359222302,306931.256750533
17-10-2019,0.00246280145106,0.00250485611921,0.0024442084652,0.00249254753405,397.15329340174,314702.733041154
16-10-2019,0.00253028692958,0.00260438540839,0.000610528435308,0.00246507349172,392.420400116925,311233.930103266
15-10-2019,0.00372072796779,0.00373777009996,0.00250249905282,0.00253028692958,1.1146722088775,319467.613451404
14-10-2019,0.00362315409096,0.00372773167828,0.00361441876034,0.00372014986596,649.833572667596,469696.691496199
13-10-2019,0.00359760943099,0.00368315844301,0.00358942846687,0.00362315409096,632.890408206451,457450.250828989
12-10-2019,0.00363235210923,0.00370781082898,0.00358132097079,0.00359941369466,628.743449857934,454452.848574056
11-10-2019,0.00381662232198,0.00388654154762,0.0036168597189,0.0036338639659,634.761202810676,458802.45248938
10-10-2019,0.00384546573193,0.00386601608473,0.00374725660674,0.00381436678198,666.291327690483,481592.280473002
09-10-2019,0.00362132029463,0.00386321981952,0.00359391367053,0.00384579416776,671.781044803889,485560.222533162
08-10-2019,0.00360407186416,0.0036658243491,0.00356532700044,0.00362132029463,632.570081750262,457218.720353037
07-10-2019,0.0034403289252,0.00362688224459,0.00341277565106,0.00360363390809,629.480634236292,454985.682023486
06-10-2019,0.00350801143576,0.00352789162258,0.00340829574792,0.00344307605368,601.434483433919,434714.054339841
05-10-2019,0.00352308393583,0.00353755082545,0.000881568987415,0.00350916567181,612.97897874066,443058.361987753
04-10-2019,0.00348863779835,0.0035554854826,0.00345436181755,0.00352308393583,615.410212846535,444815.646720118
03-10-2019,0.00359566161713,0.00359681464214,0.00343499978805,0.00349068546347,609.750866905799,440637.830593486
02-10-2019,0.00352802656477,0.0035982489227,0.00348931298718,0.00359566161713,628.088039179393,453889.229236206
01-10-2019,0.00357900918894,0.00368464201051,0.0034989473174,0.00352802656477,616.273588338345,445351.489856399
30-09-2019,0.00391647849595,0.00392227413992,0.000613990143697,0.00357879368071,625.141558047837,451759.948042446
29-09-2019,0.0040106606198,0.00402453646381,0.00383608025741,0.00391647849595,545.946004225748,494386.734663261
28-09-2019,0.00401194999977,0.00403743157211,0.00392280941203,0.00401130763823,559.16491794234,506357.251047101
27-09-2019,0.00382985550149,0.00403380742938,0.00374922178958,0.00401366067057,559.492923983152,505650.864951962
26-09-2019,0.00392520543053,0.00394426766642,0.00360966074046,0.00383049391307,533.959997025659,482383.540640401
25-09-2019,0.00386162973292,0.00401214233487,0.00378814739606,0.00392619511889,547.300473929317,494435.429392786
24-09-2019,0.0046385305223,0.00467465954321,0.00373956340982,0.00386108983692,538.224982111344,486236.560749784
23-09-2019,0.0048621135879,0.00486615291015,0.00463652857965,0.00463881171371,646.637207908735,584176.993778375
22-09-2019,0.00495042806296,0.00496372352914,0.00477028462962,0.00486346329555,677.953001822051,612467.921245635
21-09-2019,0.00500414791016,0.00507437965458,0.00493957428705,0.00495129818106,690.196935965727,623529.184890902
20-09-2019,0.0050781709736,0.0050886090857,0.00494079729371,0.00500331694788,697.448204654386,630080.036422805
19-09-2019,0.00485727545069,0.00510714152432,0.00220663642026,0.00509275252968,709.915271323702,641342.879697588
18-09-2019,0.00478267650067,0.00498056918743,0.00478267650067,0.0048556226855,490.289557423258,611480.533894935
17-09-2019,0.00453945446314,0.00491482452422,0.00452154176152,0.00479519028617,484.187482316491,603870.132881444
16-09-2019,0.00436103441502,0.0045664956794,0.00435985697204,0.00453860489001,458.279138840687,571557.701460013
15-09-2019,0.00733534746214,0.00741549778753,0.00393135203783,0.0043599744222,440.242182784285,549062.326324597
14-09-2019,0.00707020426007,0.00734929581363,0.00703442993699,0.00733628714204,692.071281083778,920208.580173882
13-09-2019,0.00705742258775,0.00707896061474,0.00696393092522,0.00706422862341,666.406543065965,886083.609557873
12-09-2019,0.00697034529487,0.0070958635284,0.00693405904913,0.00706002144249,666.009657143789,885555.892484376
11-09-2019,0.00701185088678,0.00708767236672,0.00688913977439,0.00697034529487,657.550025566776,874307.592236696
10-09-2019,0.00706744829842,0.00717753809098,0.00694604545576,0.00701185088678,661.465470479376,879513.740941251
09-09-2019,0.00707081166675,0.0071817628373,0.0069188785712,0.00707000800722,666.951743312689,886808.531915342
08-09-2019,0.00623893139195,0.00709450465954,0.0062380817484,0.00707081166675,667.027556822502,886909.336911211
07-09-2019,0.00849683349537,0.0088609673799,0.00623514363365,0.00623844950294,348.871563862818,782504.098931789
06-09-2019,0.015676606623,0.0159954470622,0.00841725293894,0.00849743275463,0.169948655092563,1065853.93658498
05-09-2019,0.0158355924125,0.0158518762446,0.0154615995203,0.015676606623,1616.61469853719,1966355.41155822
04-09-2019,0.0251268521824,0.0252178701016,0.00336910796523,0.0158349607336,1632.94460901579,1986218.15799366
03-09-2019,0.0249634386011,0.0255238139528,0.0246327096548,0.025129295552,6417.21148469505,3148260.0904681
02-09-2019,0.0240241264117,0.0252168871258,0.0238963030159,0.0249685032115,6376.15030764663,3128115.62969714
01-09-2019,0.0172477288848,0.0241538142304,0.0168185863978,0.0240114224398,6131.74275123761,3008210.19141446
31-08-2019,0.0168808029421,0.0174285911692,0.0167801011083,0.0172581471683,4189.6245664241,2125856.23834133
30-08-2019,0.016947684719,0.0170765600581,0.0167110921001,0.0168817168435,4098.24153899179,2079487.60175056
29-08-2019,0.0173914187252,0.017402878707,0.0167170954065,0.016947684719,4114.25604094526,2085914.27308832
28-08-2019,0.0187445931398,0.0187914135503,0.0172227187899,0.0173912963246,4221.94813922067,2117905.12728255
27-08-2019,0.0188935044409,0.0188937247517,0.0185467753877,0.0187465480853,4550.95194334431,2282947.14595515
26-08-2019,0.0186854910992,0.0193373529763,0.0186838051945,0.018899189414,4588.00747740726,2301535.74606034
25-08-2019,0.0284951628794,0.0286319574708,0.0184943455055,0.0186744497005,4533.44918587006,2268994.21085442
24-08-2019,0.0292000251908,0.0292048412729,0.0280905449866,0.0284951628794,1471.74896246984,3462236.40576575
23-08-2019,0.038261265419,0.0391674012404,0.0290465428977,0.0291896582118,0.350275898541839,3546619.39503471
22-08-2019,0.0388789878898,0.0399653201257,0.0381490400755,0.038261265419,2963.47255595076,4648843.26595985
21-08-2019,0.0489628066244,0.0490553876751,0.0386247411202,0.0388768101416,1957.28272491213,4723633.55078758
20-08-2019,0.018269460109,0.049442393838,0.0176752693335,0.0489433865236,37.9311245558178,5946577.46251292
19-08-2019,0.0175097741907,0.018320204617,0.0173813394696,0.018269460109,9.82084977861757,2219722.97899886
18-08-2019,0.0167301926934,0.0177780618389,0.0165373500494,0.0175080405618,9.41154447088136,2127211.18853024
17-08-2019,0.0166913644836,0.016803803893,0.0164241309786,0.0167103976113,8.98276707148607,2030298.2871255
16-08-2019,0.0169652631152,0.0170004089308,0.0162368587614,0.0166949147042,8.97444414879028,2028417.12783198
15-08-2019,0.016796034115,0.0170512751706,0.0160316595579,0.0169672113988,9.12081874970426,2061500.93143115
14-08-2019,0.0187748678879,0.0188176290895,0.0167737138863,0.016796034115,9.02880144981714,2040703.04533783
13-08-2019,0.0211348463019,0.021136532642,0.0186356473965,0.0187839920091,10.0974392599803,2282238.14229683
12-08-2019,0.0216050422653,0.0216128197533,0.0210895871913,0.0211237017078,6.59059493281956,2566510.76728986
11-08-2019,0.0206728877852,0.0216565115536,0.0206514012019,0.0216081058698,6.74172903138883,2625365.43749352
10-08-2019,0.0210506675501,0.0213722890978,0.0203921454401,0.0206698939671,6.44900691774008,2511373.53476797
09-08-2019,0.0596256352356,0.0597366722697,0.0208251740211,0.0210506675501,6.56780827562952,2557637.18278702
08-08-2019,0.0611223804778,0.0612057817353,0.0584221761539,0.0596393340219,358.841479125691,7246125.46789956
07-08-2019,0.0646396283526,0.0646646165219,0.060141443908,0.0611223804778,367.764760925572,7426314.27903265
06-08-2019,0.16391241369,0.167197644205,0.0639141691303,0.064626358368,67.8662630053964,7852044.44261583
05-08-2019,0.155843421613,0.164911141443,0.1557982153,0.163869799918,47.6638222991098,19910033.3710869
04-08-2019,0.155724635295,0.156907727584,0.152966967506,0.155839408174,45.3280705908222,18934347.9935131
03-08-2019,0.152510119876,0.157210046796,0.15210687987,0.155751302664,45.3024438716757,18923643.2532549
02-08-2019,0.0196017088082,0.152552128982,0.0195069025428,0.15246834917,44.3475509502698,18524767.3551091
01-08-2019,0.0196822839325,0.0196919254169,0.0191616279151,0.0196026878158,2340.18019745197,2381708.94680335
31-07-2019,0.0189459968178,0.019673330461,0.0189396456238,0.019669296477,2348.13197791227,0
30-07-2019,0.0190112961782,0.0192252237722,0.018618497014,0.0189418674414,2261.29107934885,0
29-07-2019,0.0527863149435,0.053493489723,0.0188671121771,0.0190095188726,2269.3673462917,0
28-07-2019,0.0456283905314,0.271543180996,0.0455471769476,0.0527610934845,54686.195944235,0
27-07-2019,0.0966647317771,0.0983541504238,0.0455206206414,0.0456283905314,8527.82382326855,0
26-07-2019,0.768705366176,0.76898387305,0.0653540965455,0.0966647317771,656.445799646571,0
25-07-2019,0.651242079021,0.849367201987,0.649380389866,0.768994529083,5274.42361861843,0
24-07-2019,0.571700808098,0.652749815323,0.568587171995,0.651590387257,4616.66993147213,0
